Province_State,week,cases
Alabama,2020-W04,0
Alabama,2020-W05,0
Alabama,2020-W07,0
Alabama,2020-W08,0
Alabama,2020-W09,0
Alabama,2020-W11,51
Alabama,2020-W12,680
Alabama,2020-W13,3933
Alabama,2020-W14,2064
Alabama,2020-W16,31006
Alabama,2020-W17,40999
Alabama,2020-W18,27607
Alabama,2020-W20,57442
Alabama,2020-W21,94997
Alabama,2020-W22,117371
Alabama,2020-W24,51546
Alabama,2020-W25,199166
Alabama,2020-W26,235907
Alabama,2020-W27,76066
Alabama,2020-W29,434840
Alabama,2020-W30,522046
Alabama,2020-W31,423536
Alabama,2020-W33,425665
Alabama,2020-W34,788446
Alabama,2020-W35,847158
Alabama,2020-W36,126500
Alabama,2020-W37,137861
Alabama,2020-W38,990827
Alabama,2020-W39,1040029
Alabama,2020-W40,460706
Alabama,2020-W42,1022157
Alabama,2020-W43,1257451
Alabama,2020-W44,1137638
Alabama,2020-W46,647282
Alabama,2020-W47,1581063
Alabama,2020-W48,1687316
Alabama,2020-W49,249524
Alabama,2020-W50,295631
Alabama,2020-W51,2173442
Alabama,2020-W52,2359525
Alabama,2020-W53,1417747
Alaska,2020-W04,0
Alaska,2020-W05,0
Alaska,2020-W07,0
Alaska,2020-W08,0
Alaska,2020-W09,0
Alaska,2020-W11,3
Alaska,2020-W12,83
Alaska,2020-W13,474
Alaska,2020-W14,248
Alaska,2020-W16,2129
Alaska,2020-W17,2376
Alaska,2020-W18,1426
Alaska,2020-W20,1996
Alaska,2020-W21,2919
Alaska,2020-W22,3120
Alaska,2020-W24,1474
Alaska,2020-W25,5659
Alaska,2020-W26,6841
Alaska,2020-W27,2238
Alaska,2020-W29,14382
Alaska,2020-W30,19216
Alaska,2020-W31,17455
Alaska,2020-W33,19840
Alaska,2020-W34,37715
Alaska,2020-W35,41275
Alaska,2020-W36,6172
Alaska,2020-W37,7190
Alaska,2020-W38,52473
Alaska,2020-W39,57069
Alaska,2020-W40,26201
Alaska,2020-W42,69152
Alaska,2020-W43,91193
Alaska,2020-W44,92196
Alaska,2020-W46,69406
Alaska,2020-W47,182772
Alaska,2020-W48,211213
Alaska,2020-W49,32598
Alaska,2020-W50,41169
Alaska,2020-W51,299857
Alaska,2020-W52,314928
Alaska,2020-W53,185571
American Samoa,2020-W04,0
American Samoa,2020-W05,0
American Samoa,2020-W07,0
American Samoa,2020-W08,0
American Samoa,2020-W09,0
American Samoa,2020-W11,0
American Samoa,2020-W12,0
American Samoa,2020-W13,0
American Samoa,2020-W14,0
American Samoa,2020-W16,0
American Samoa,2020-W17,0
American Samoa,2020-W18,0
American Samoa,2020-W20,0
American Samoa,2020-W21,0
American Samoa,2020-W22,0
American Samoa,2020-W24,0
American Samoa,2020-W25,0
American Samoa,2020-W26,0
American Samoa,2020-W27,0
American Samoa,2020-W29,0
American Samoa,2020-W30,0
American Samoa,2020-W31,0
American Samoa,2020-W33,0
American Samoa,2020-W34,0
American Samoa,2020-W35,0
American Samoa,2020-W36,0
American Samoa,2020-W37,0
American Samoa,2020-W38,0
American Samoa,2020-W39,0
American Samoa,2020-W40,0
American Samoa,2020-W42,0
American Samoa,2020-W43,0
American Samoa,2020-W44,0
American Samoa,2020-W46,0
American Samoa,2020-W47,0
American Samoa,2020-W48,0
American Samoa,2020-W49,0
American Samoa,2020-W50,0
American Samoa,2020-W51,0
American Samoa,2020-W52,0
American Samoa,2020-W53,0
Arizona,2020-W04,1
Arizona,2020-W05,5
Arizona,2020-W07,4
Arizona,2020-W08,7
Arizona,2020-W09,6
Arizona,2020-W11,33
Arizona,2020-W12,434
Arizona,2020-W13,3827
Arizona,2020-W14,2446
Arizona,2020-W16,29883
Arizona,2020-W17,40434
Arizona,2020-W18,28544
Arizona,2020-W20,65670
Arizona,2020-W21,107092
Arizona,2020-W22,126300
Arizona,2020-W24,70366
Arizona,2020-W25,310039
Arizona,2020-W26,447151
Arizona,2020-W27,153773
Arizona,2020-W29,941300
Arizona,2020-W30,1075775
Arizona,2020-W31,842842
Arizona,2020-W33,768706
Arizona,2020-W34,1373659
Arizona,2020-W35,1400891
Arizona,2020-W36,201835
Arizona,2020-W37,208512
Arizona,2020-W38,1480015
Arizona,2020-W39,1510663
Arizona,2020-W40,654201
Arizona,2020-W42,1374211
Arizona,2020-W43,1644469
Arizona,2020-W44,1452722
Arizona,2020-W46,818066
Arizona,2020-W47,2013830
Arizona,2020-W48,2201773
Arizona,2020-W49,326817
Arizona,2020-W50,408442
Arizona,2020-W51,3053384
Arizona,2020-W52,3356465
Arizona,2020-W53,2044341
Arkansas,2020-W04,0
Arkansas,2020-W05,0
Arkansas,2020-W07,0
Arkansas,2020-W08,0
Arkansas,2020-W09,0
Arkansas,2020-W11,24
Arkansas,2020-W12,459
Arkansas,2020-W13,2242
Arkansas,2020-W14,996
Arkansas,2020-W16,11317
Arkansas,2020-W17,17560
Arkansas,2020-W18,12670
Arkansas,2020-W20,22402
Arkansas,2020-W21,37506
Arkansas,2020-W22,46067
Arkansas,2020-W24,24596
Arkansas,2020-W25,98976
Arkansas,2020-W26,126066
Arkansas,2020-W27,41034
Arkansas,2020-W29,217685
Arkansas,2020-W30,253940
Arkansas,2020-W31,204866
Arkansas,2020-W33,208815
Arkansas,2020-W34,383970
Arkansas,2020-W35,411853
Arkansas,2020-W36,61224
Arkansas,2020-W37,70219
Arkansas,2020-W38,512519
Arkansas,2020-W39,552300
Arkansas,2020-W40,248501
Arkansas,2020-W42,580964
Arkansas,2020-W43,720000
Arkansas,2020-W44,655822
Arkansas,2020-W46,395524
Arkansas,2020-W47,978632
Arkansas,2020-W48,1062354
Arkansas,2020-W49,157359
Arkansas,2020-W50,185702
Arkansas,2020-W51,1361487
Arkansas,2020-W52,1469354
Arkansas,2020-W53,883342
California,2020-W04,2
California,2020-W05,11
California,2020-W07,32
California,2020-W08,69
California,2020-W09,75
California,2020-W11,988
California,2020-W12,7263
California,2020-W13,29024
California,2020-W14,14875
California,2020-W16,193129
California,2020-W17,274292
California,2020-W18,192075
California,2020-W20,387055
California,2020-W21,623667
California,2020-W22,737943
California,2020-W24,303900
California,2020-W25,1179024
California,2020-W26,1444644
California,2020-W27,471498
California,2020-W29,2604850
California,2020-W30,3067086
California,2020-W31,2448267
California,2020-W33,2486276
California,2020-W34,4596474
California,2020-W35,4862899
California,2020-W36,713644
California,2020-W37,763934
California,2020-W38,5439640
California,2020-W39,5612956
California,2020-W40,2454633
California,2020-W42,5243867
California,2020-W43,6295506
California,2020-W44,5570201
California,2020-W46,3115862
California,2020-W47,7687070
California,2020-W48,8404686
California,2020-W49,1259126
California,2020-W50,1641382
California,2020-W51,12777099
California,2020-W52,14805581
California,2020-W53,9287663
Colorado,2020-W04,0
Colorado,2020-W05,0
Colorado,2020-W07,0
Colorado,2020-W08,0
Colorado,2020-W09,0
Colorado,2020-W11,317
Colorado,2020-W12,2272
Colorado,2020-W13,10259
Colorado,2020-W14,5593
Colorado,2020-W16,94928
Colorado,2020-W17,117354
Colorado,2020-W18,76745
Colorado,2020-W20,126069
Colorado,2020-W21,188900
Colorado,2020-W22,199624
Colorado,2020-W24,62753
Colorado,2020-W25,227073
Colorado,2020-W26,241268
Colorado,2020-W27,72144
Colorado,2020-W29,311343
Colorado,2020-W30,336991
Colorado,2020-W31,253752
Colorado,2020-W33,224421
Colorado,2020-W34,404297
Colorado,2020-W35,418820
Colorado,2020-W36,60938
Colorado,2020-W37,65935
Colorado,2020-W38,479364
Colorado,2020-W39,509374
Colorado,2020-W40,227834
Colorado,2020-W42,558072
Colorado,2020-W43,723192
Colorado,2020-W44,707160
Colorado,2020-W46,576925
Colorado,2020-W47,1538465
Colorado,2020-W48,1765587
Colorado,2020-W49,270659
Colorado,2020-W50,319132
Colorado,2020-W51,2313726
Colorado,2020-W52,2416070
Colorado,2020-W53,1428899
Connecticut,2020-W04,0
Connecticut,2020-W05,0
Connecticut,2020-W07,0
Connecticut,2020-W08,0
Connecticut,2020-W09,0
Connecticut,2020-W11,58
Connecticut,2020-W12,1079
Connecticut,2020-W13,7728
Connecticut,2020-W14,5699
Connecticut,2020-W16,110330
Connecticut,2020-W17,159532
Connecticut,2020-W18,106776
Connecticut,2020-W20,180526
Connecticut,2020-W21,274901
Connecticut,2020-W22,291008
Connecticut,2020-W24,90082
Connecticut,2020-W25,318480
Connecticut,2020-W26,322156
Connecticut,2020-W27,92876
Connecticut,2020-W29,334105
Connecticut,2020-W30,338934
Connecticut,2020-W31,247080
Connecticut,2020-W33,203473
Connecticut,2020-W34,359825
Connecticut,2020-W35,366106
Connecticut,2020-W36,52879
Connecticut,2020-W37,54326
Connecticut,2020-W38,387059
Connecticut,2020-W39,394732
Connecticut,2020-W40,172026
Connecticut,2020-W42,374076
Connecticut,2020-W43,456876
Connecticut,2020-W44,418723
Connecticut,2020-W46,265935
Connecticut,2020-W47,689086
Connecticut,2020-W48,770067
Connecticut,2020-W49,117295
Connecticut,2020-W50,146761
Connecticut,2020-W51,1115683
Connecticut,2020-W52,1198014
Connecticut,2020-W53,732538
Delaware,2020-W04,0
Delaware,2020-W05,0
Delaware,2020-W07,0
Delaware,2020-W08,0
Delaware,2020-W09,0
Delaware,2020-W11,16
Delaware,2020-W12,213
Delaware,2020-W13,1030
Delaware,2020-W14,583
Delaware,2020-W16,15161
Delaware,2020-W17,23236
Delaware,2020-W18,18126
Delaware,2020-W20,36765
Delaware,2020-W21,58353
Delaware,2020-W22,64454
Delaware,2020-W24,20493
Delaware,2020-W25,73753
Delaware,2020-W26,76870
Delaware,2020-W27,22850
Delaware,2020-W29,92297
Delaware,2020-W30,97753
Delaware,2020-W31,72961
Delaware,2020-W33,65154
Delaware,2020-W34,116983
Delaware,2020-W35,119641
Delaware,2020-W36,17429
Delaware,2020-W37,18849
Delaware,2020-W38,135007
Delaware,2020-W39,139706
Delaware,2020-W40,61533
Delaware,2020-W42,136178
Delaware,2020-W43,164919
Delaware,2020-W44,147064
Delaware,2020-W46,85214
Delaware,2020-W47,212605
Delaware,2020-W48,235540
Delaware,2020-W49,35654
Delaware,2020-W50,45460
Delaware,2020-W51,340157
Delaware,2020-W52,371112
Delaware,2020-W53,225729
Diamond Princess,2020-W04,0
Diamond Princess,2020-W05,0
Diamond Princess,2020-W07,0
Diamond Princess,2020-W08,0
Diamond Princess,2020-W09,0
Diamond Princess,2020-W11,0
Diamond Princess,2020-W12,288
Diamond Princess,2020-W13,343
Diamond Princess,2020-W14,98
Diamond Princess,2020-W16,343
Diamond Princess,2020-W17,343
Diamond Princess,2020-W18,196
Diamond Princess,2020-W20,245
Diamond Princess,2020-W21,343
Diamond Princess,2020-W22,343
Diamond Princess,2020-W24,98
Diamond Princess,2020-W25,343
Diamond Princess,2020-W26,343
Diamond Princess,2020-W27,98
Diamond Princess,2020-W29,343
Diamond Princess,2020-W30,343
Diamond Princess,2020-W31,245
Diamond Princess,2020-W33,196
Diamond Princess,2020-W34,343
Diamond Princess,2020-W35,343
Diamond Princess,2020-W36,49
Diamond Princess,2020-W37,49
Diamond Princess,2020-W38,343
Diamond Princess,2020-W39,343
Diamond Princess,2020-W40,147
Diamond Princess,2020-W42,294
Diamond Princess,2020-W43,343
Diamond Princess,2020-W44,294
Diamond Princess,2020-W46,147
Diamond Princess,2020-W47,343
Diamond Princess,2020-W48,343
Diamond Princess,2020-W49,49
Diamond Princess,2020-W50,49
Diamond Princess,2020-W51,343
Diamond Princess,2020-W52,343
Diamond Princess,2020-W53,196
District of Columbia,2020-W04,0
District of Columbia,2020-W05,0
District of Columbia,2020-W07,0
District of Columbia,2020-W08,0
District of Columbia,2020-W09,0
District of Columbia,2020-W11,0
District of Columbia,2020-W12,386
District of Columbia,2020-W13,1596
District of Columbia,2020-W14,896
District of Columbia,2020-W16,16495
District of Columbia,2020-W17,23660
District of Columbia,2020-W18,16315
District of Columbia,2020-W20,34356
District of Columbia,2020-W21,54012
District of Columbia,2020-W22,59513
District of Columbia,2020-W24,19476
District of Columbia,2020-W25,69323
District of Columbia,2020-W26,71088
District of Columbia,2020-W27,20619
District of Columbia,2020-W29,77524
District of Columbia,2020-W30,81012
District of Columbia,2020-W31,59985
District of Columbia,2020-W33,52521
District of Columbia,2020-W34,93954
District of Columbia,2020-W35,96536
District of Columbia,2020-W36,13992
District of Columbia,2020-W37,14592
District of Columbia,2020-W38,103551
District of Columbia,2020-W39,105783
District of Columbia,2020-W40,45890
District of Columbia,2020-W42,97325
District of Columbia,2020-W43,115957
District of Columbia,2020-W44,102175
District of Columbia,2020-W46,56457
District of Columbia,2020-W47,137436
District of Columbia,2020-W48,145644
District of Columbia,2020-W49,21552
District of Columbia,2020-W50,24874
District of Columbia,2020-W51,180856
District of Columbia,2020-W52,191650
District of Columbia,2020-W53,114618
Florida,2020-W04,0
Florida,2020-W05,0
Florida,2020-W07,0
Florida,2020-W08,0
Florida,2020-W09,0
Florida,2020-W11,226
Florida,2020-W12,3360
Florida,2020-W13,17587
Florida,2020-W14,12214
Florida,2020-W16,165066
Florida,2020-W17,205789
Florida,2020-W18,131869
Florida,2020-W20,220149
Florida,2020-W21,339977
Florida,2020-W22,376004
Florida,2020-W24,149120
Florida,2020-W25,606916
Florida,2020-W26,823332
Florida,2020-W27,298775
Florida,2020-W29,2206506
Florida,2020-W30,2740393
Florida,2020-W31,2257912
Florida,2020-W33,2263475
Florida,2020-W34,4120129
Florida,2020-W35,4285439
Florida,2020-W36,623471
Florida,2020-W37,663994
Florida,2020-W38,4722880
Florida,2020-W39,4852020
Florida,2020-W40,2112386
Florida,2020-W42,4481307
Florida,2020-W43,5374407
Florida,2020-W44,4756137
Florida,2020-W46,2630849
Florida,2020-W47,6400427
Florida,2020-W48,6778374
Florida,2020-W49,999319
Florida,2020-W50,1125931
Florida,2020-W51,8178209
Florida,2020-W52,8701654
Florida,2020-W53,5201867
Georgia,2020-W04,0
Georgia,2020-W05,0
Georgia,2020-W07,0
Georgia,2020-W08,0
Georgia,2020-W09,0
Georgia,2020-W11,214
Georgia,2020-W12,2412
Georgia,2020-W13,11587
Georgia,2020-W14,6737
Georgia,2020-W16,111713
Georgia,2020-W17,151584
Georgia,2020-W18,101263
Georgia,2020-W20,182967
Georgia,2020-W21,284228
Georgia,2020-W22,316562
Georgia,2020-W24,114485
Georgia,2020-W25,428953
Georgia,2020-W26,499404
Georgia,2020-W27,160708
Georgia,2020-W29,921861
Georgia,2020-W30,1098040
Georgia,2020-W31,892856
Georgia,2020-W33,932761
Georgia,2020-W34,1727062
Georgia,2020-W35,1840374
Georgia,2020-W36,270471
Georgia,2020-W37,294314
Georgia,2020-W38,2106320
Georgia,2020-W39,2178564
Georgia,2020-W40,949613
Georgia,2020-W42,2021938
Georgia,2020-W43,2421320
Georgia,2020-W44,2136141
Georgia,2020-W46,1267764
Georgia,2020-W47,3064222
Georgia,2020-W48,3226820
Georgia,2020-W49,471563
Georgia,2020-W50,542838
Georgia,2020-W51,3976323
Georgia,2020-W52,4304538
Georgia,2020-W53,2603125
Grand Princess,2020-W04,0
Grand Princess,2020-W05,0
Grand Princess,2020-W07,0
Grand Princess,2020-W08,0
Grand Princess,2020-W09,0
Grand Princess,2020-W11,0
Grand Princess,2020-W12,160
Grand Princess,2020-W13,346
Grand Princess,2020-W14,206
Grand Princess,2020-W16,721
Grand Princess,2020-W17,721
Grand Princess,2020-W18,412
Grand Princess,2020-W20,515
Grand Princess,2020-W21,721
Grand Princess,2020-W22,721
Grand Princess,2020-W24,206
Grand Princess,2020-W25,721
Grand Princess,2020-W26,721
Grand Princess,2020-W27,206
Grand Princess,2020-W29,721
Grand Princess,2020-W30,721
Grand Princess,2020-W31,515
Grand Princess,2020-W33,412
Grand Princess,2020-W34,721
Grand Princess,2020-W35,721
Grand Princess,2020-W36,103
Grand Princess,2020-W37,103
Grand Princess,2020-W38,721
Grand Princess,2020-W39,721
Grand Princess,2020-W40,309
Grand Princess,2020-W42,618
Grand Princess,2020-W43,721
Grand Princess,2020-W44,618
Grand Princess,2020-W46,309
Grand Princess,2020-W47,721
Grand Princess,2020-W48,721
Grand Princess,2020-W49,103
Grand Princess,2020-W50,103
Grand Princess,2020-W51,721
Grand Princess,2020-W52,721
Grand Princess,2020-W53,412
Guam,2020-W04,0
Guam,2020-W05,0
Guam,2020-W07,0
Guam,2020-W08,0
Guam,2020-W09,0
Guam,2020-W11,0
Guam,2020-W12,79
Guam,2020-W13,305
Guam,2020-W14,127
Guam,2020-W16,944
Guam,2020-W17,970
Guam,2020-W18,568
Guam,2020-W20,766
Guam,2020-W21,1123
Guam,2020-W22,1190
Guam,2020-W24,366
Guam,2020-W25,1395
Guam,2020-W26,1645
Guam,2020-W27,510
Guam,2020-W29,2195
Guam,2020-W30,2319
Guam,2020-W31,1766
Guam,2020-W33,2011
Guam,2020-W34,4792
Guam,2020-W35,8224
Guam,2020-W36,1395
Guam,2020-W37,1891
Guam,2020-W38,14259
Guam,2020-W39,15806
Guam,2020-W40,7321
Guam,2020-W42,20864
Guam,2020-W43,28198
Guam,2020-W44,27078
Guam,2020-W46,18010
Guam,2020-W47,44648
Guam,2020-W48,47078
Guam,2020-W49,6852
Guam,2020-W50,7079
Guam,2020-W51,50216
Guam,2020-W52,50774
Guam,2020-W53,29190
Hawaii,2020-W04,0
Hawaii,2020-W05,0
Hawaii,2020-W07,0
Hawaii,2020-W08,0
Hawaii,2020-W09,0
Hawaii,2020-W11,12
Hawaii,2020-W12,183
Hawaii,2020-W13,736
Hawaii,2020-W14,379
Hawaii,2020-W16,3764
Hawaii,2020-W17,4170
Hawaii,2020-W18,2447
Hawaii,2020-W20,3192
Hawaii,2020-W21,4499
Hawaii,2020-W22,4529
Hawaii,2020-W24,1451
Hawaii,2020-W25,5370
Hawaii,2020-W26,5958
Hawaii,2020-W27,1817
Hawaii,2020-W29,9179
Hawaii,2020-W30,10588
Hawaii,2020-W31,9433
Hawaii,2020-W33,18722
Hawaii,2020-W34,41045
Hawaii,2020-W35,52887
Hawaii,2020-W36,8472
Hawaii,2020-W37,10834
Hawaii,2020-W38,78633
Hawaii,2020-W39,83671
Hawaii,2020-W40,37464
Hawaii,2020-W42,84010
Hawaii,2020-W43,101872
Hawaii,2020-W44,90547
Hawaii,2020-W46,50170
Hawaii,2020-W47,119856
Hawaii,2020-W48,125123
Hawaii,2020-W49,18223
Hawaii,2020-W50,19676
Hawaii,2020-W51,141955
Hawaii,2020-W52,148250
Hawaii,2020-W53,86872
Idaho,2020-W04,0
Idaho,2020-W05,0
Idaho,2020-W07,0
Idaho,2020-W08,0
Idaho,2020-W09,0
Idaho,2020-W11,7
Idaho,2020-W12,164
Idaho,2020-W13,1106
Idaho,2020-W14,855
Idaho,2020-W16,10882
Idaho,2020-W17,12664
Idaho,2020-W18,7785
Idaho,2020-W20,11833
Idaho,2020-W21,17738
Idaho,2020-W22,19133
Idaho,2020-W24,6752
Idaho,2020-W25,26117
Idaho,2020-W26,33286
Idaho,2020-W27,11869
Idaho,2020-W29,91637
Idaho,2020-W30,117419
Idaho,2020-W31,98544
Idaho,2020-W33,108931
Idaho,2020-W34,202916
Idaho,2020-W35,217308
Idaho,2020-W36,32081
Idaho,2020-W37,35279
Idaho,2020-W38,255621
Idaho,2020-W39,274779
Idaho,2020-W40,124405
Idaho,2020-W42,307127
Idaho,2020-W43,396414
Idaho,2020-W44,373913
Idaho,2020-W46,243360
Idaho,2020-W47,615133
Idaho,2020-W48,679470
Idaho,2020-W49,101698
Idaho,2020-W50,121179
Idaho,2020-W51,885813
Idaho,2020-W52,939924
Idaho,2020-W53,556475
Illinois,2020-W04,3
Illinois,2020-W05,6
Illinois,2020-W07,8
Illinois,2020-W08,14
Illinois,2020-W09,12
Illinois,2020-W11,176
Illinois,2020-W12,3325
Illinois,2020-W13,18336
Illinois,2020-W14,11050
Illinois,2020-W16,182695
Illinois,2020-W17,261954
Illinois,2020-W18,197261
Illinois,2020-W20,449648
Illinois,2020-W21,721165
Illinois,2020-W22,811983
Illinois,2020-W24,264414
Illinois,2020-W25,943954
Illinois,2020-W26,976114
Illinois,2020-W27,285646
Illinois,2020-W29,1114520
Illinois,2020-W30,1176838
Illinois,2020-W31,883475
Illinois,2020-W33,819013
Illinois,2020-W34,1507021
Illinois,2020-W35,1603196
Illinois,2020-W36,236724
Illinois,2020-W37,263459
Illinois,2020-W38,1893659
Illinois,2020-W39,1987713
Illinois,2020-W40,881250
Illinois,2020-W42,2023833
Illinois,2020-W43,2550339
Illinois,2020-W44,2390525
Illinois,2020-W46,1688558
Illinois,2020-W47,4348230
Illinois,2020-W48,4859778
Illinois,2020-W49,726304
Illinois,2020-W50,848904
Illinois,2020-W51,6151165
Illinois,2020-W52,6462454
Illinois,2020-W53,3809137
Indiana,2020-W04,0
Indiana,2020-W05,0
Indiana,2020-W07,0
Indiana,2020-W08,0
Indiana,2020-W09,0
Indiana,2020-W11,49
Indiana,2020-W12,571
Indiana,2020-W13,5485
Indiana,2020-W14,3944
Indiana,2020-W16,67394
Indiana,2020-W17,92354
Indiana,2020-W18,67566
Indiana,2020-W20,133240
Indiana,2020-W21,208856
Indiana,2020-W22,231641
Indiana,2020-W24,79452
Indiana,2020-W25,289897
Indiana,2020-W26,305944
Indiana,2020-W27,90822
Indiana,2020-W29,379210
Indiana,2020-W30,417887
Indiana,2020-W31,322291
Indiana,2020-W33,316288
Indiana,2020-W34,584032
Indiana,2020-W35,632936
Indiana,2020-W36,94196
Indiana,2020-W37,105804
Indiana,2020-W38,762171
Indiana,2020-W39,801632
Indiana,2020-W40,357407
Indiana,2020-W42,855639
Indiana,2020-W43,1088246
Indiana,2020-W44,1028238
Indiana,2020-W46,733049
Indiana,2020-W47,1929527
Indiana,2020-W48,2225723
Indiana,2020-W49,338977
Indiana,2020-W50,425434
Indiana,2020-W51,3128447
Indiana,2020-W52,3373409
Indiana,2020-W53,2013090
Iowa,2020-W04,0
Iowa,2020-W05,0
Iowa,2020-W07,0
Iowa,2020-W08,0
Iowa,2020-W09,0
Iowa,2020-W11,52
Iowa,2020-W12,332
Iowa,2020-W13,1423
Iowa,2020-W14,921
Iowa,2020-W16,15492
Iowa,2020-W17,29485
Iowa,2020-W18,26232
Iowa,2020-W20,69992
Iowa,2020-W21,112682
Iowa,2020-W22,129968
Iowa,2020-W24,47643
Iowa,2020-W25,174315
Iowa,2020-W26,190899
Iowa,2020-W27,57919
Iowa,2020-W29,260412
Iowa,2020-W30,285745
Iowa,2020-W31,218285
Iowa,2020-W33,206132
Iowa,2020-W34,381859
Iowa,2020-W35,425849
Iowa,2020-W36,65139
Iowa,2020-W37,74676
Iowa,2020-W38,543694
Iowa,2020-W39,587050
Iowa,2020-W40,264739
Iowa,2020-W42,628160
Iowa,2020-W43,783695
Iowa,2020-W44,733578
Iowa,2020-W46,548757
Iowa,2020-W47,1408669
Iowa,2020-W48,1558110
Iowa,2020-W49,230631
Iowa,2020-W50,256249
Iowa,2020-W51,1837543
Iowa,2020-W52,1909161
Iowa,2020-W53,1116735
Kansas,2020-W04,0
Kansas,2020-W05,0
Kansas,2020-W07,0
Kansas,2020-W08,0
Kansas,2020-W09,0
Kansas,2020-W11,22
Kansas,2020-W12,256
Kansas,2020-W13,1292
Kansas,2020-W14,806
Kansas,2020-W16,11406
Kansas,2020-W17,18635
Kansas,2020-W18,15377
Kansas,2020-W20,39001
Kansas,2020-W21,60647
Kansas,2020-W22,66038
Kansas,2020-W24,22121
Kansas,2020-W25,82381
Kansas,2020-W26,91928
Kansas,2020-W27,28579
Kansas,2020-W29,145775
Kansas,2020-W30,167870
Kansas,2020-W31,132691
Kansas,2020-W33,133247
Kansas,2020-W34,252647
Kansas,2020-W35,281885
Kansas,2020-W36,42579
Kansas,2020-W37,48721
Kansas,2020-W38,360660
Kansas,2020-W39,401209
Kansas,2020-W40,181868
Kansas,2020-W42,432204
Kansas,2020-W43,541201
Kansas,2020-W44,507065
Kansas,2020-W46,351480
Kansas,2020-W47,920017
Kansas,2020-W48,1053967
Kansas,2020-W49,159359
Kansas,2020-W50,187995
Kansas,2020-W51,1388967
Kansas,2020-W52,1476571
Kansas,2020-W53,886955
Kentucky,2020-W04,0
Kentucky,2020-W05,0
Kentucky,2020-W07,0
Kentucky,2020-W08,0
Kentucky,2020-W09,0
Kentucky,2020-W11,48
Kentucky,2020-W12,379
Kentucky,2020-W13,1848
Kentucky,2020-W14,1107
Kentucky,2020-W16,16900
Kentucky,2020-W17,24890
Kentucky,2020-W18,17776
Kentucky,2020-W20,36898
Kentucky,2020-W21,58025
Kentucky,2020-W22,64656
Kentucky,2020-W24,24890
Kentucky,2020-W25,92320
Kentucky,2020-W26,102218
Kentucky,2020-W27,30971
Kentucky,2020-W29,148586
Kentucky,2020-W30,176939
Kentucky,2020-W31,143961
Kentucky,2020-W33,153844
Kentucky,2020-W34,290939
Kentucky,2020-W35,322039
Kentucky,2020-W36,48396
Kentucky,2020-W37,56945
Kentucky,2020-W38,416192
Kentucky,2020-W39,449914
Kentucky,2020-W40,203635
Kentucky,2020-W42,508809
Kentucky,2020-W43,647256
Kentucky,2020-W44,614763
Kentucky,2020-W46,406567
Kentucky,2020-W47,1040462
Kentucky,2020-W48,1178210
Kentucky,2020-W49,179041
Kentucky,2020-W50,223103
Kentucky,2020-W51,1637490
Kentucky,2020-W52,1755100
Kentucky,2020-W53,1050529
Louisiana,2020-W04,0
Louisiana,2020-W05,0
Louisiana,2020-W07,0
Louisiana,2020-W08,0
Louisiana,2020-W09,0
Louisiana,2020-W11,193
Louisiana,2020-W12,3097
Louisiana,2020-W13,16258
Louisiana,2020-W14,9262
Louisiana,2020-W16,157643
Louisiana,2020-W17,179799
Louisiana,2020-W18,110015
Louisiana,2020-W20,168537
Louisiana,2020-W21,252586
Louisiana,2020-W22,271457
Louisiana,2020-W24,92902
Louisiana,2020-W25,339824
Louisiana,2020-W26,373500
Louisiana,2020-W27,115176
Louisiana,2020-W29,601297
Louisiana,2020-W30,707521
Louisiana,2020-W31,564489
Louisiana,2020-W33,546831
Louisiana,2020-W34,984717
Louisiana,2020-W35,1022137
Louisiana,2020-W36,148894
Louisiana,2020-W37,158390
Louisiana,2020-W38,1123245
Louisiana,2020-W39,1150448
Louisiana,2020-W40,500621
Louisiana,2020-W42,1062811
Louisiana,2020-W43,1270656
Louisiana,2020-W44,1113862
Louisiana,2020-W46,608475
Louisiana,2020-W47,1488232
Louisiana,2020-W48,1590288
Louisiana,2020-W49,232414
Louisiana,2020-W50,268613
Louisiana,2020-W51,1947798
Louisiana,2020-W52,2061374
Louisiana,2020-W53,1231528
Maine,2020-W04,0
Maine,2020-W05,0
Maine,2020-W07,0
Maine,2020-W08,0
Maine,2020-W09,0
Maine,2020-W11,8
Maine,2020-W12,345
Maine,2020-W13,1154
Maine,2020-W14,578
Maine,2020-W16,5540
Maine,2020-W17,6552
Maine,2020-W18,4214
Maine,2020-W20,8018
Maine,2020-W21,13166
Maine,2020-W22,15342
Maine,2020-W24,5550
Maine,2020-W25,20151
Maine,2020-W26,21501
Maine,2020-W27,6472
Maine,2020-W29,25268
Maine,2020-W30,26254
Maine,2020-W31,19336
Maine,2020-W33,16517
Maine,2020-W34,29838
Maine,2020-W35,30971
Maine,2020-W36,4529
Maine,2020-W37,4863
Maine,2020-W38,34838
Maine,2020-W39,36415
Maine,2020-W40,16026
Maine,2020-W42,35142
Maine,2020-W43,42464
Maine,2020-W44,38640
Maine,2020-W46,26374
Maine,2020-W47,68173
Maine,2020-W48,77696
Maine,2020-W49,11757
Maine,2020-W50,15923
Maine,2020-W51,124342
Maine,2020-W52,145719
Maine,2020-W53,92928
Maryland,2020-W04,0
Maryland,2020-W05,0
Maryland,2020-W07,0
Maryland,2020-W08,0
Maryland,2020-W09,0
Maryland,2020-W11,69
Maryland,2020-W12,880
Maryland,2020-W13,4656
Maryland,2020-W14,3073
Maryland,2020-W16,75969
Maryland,2020-W17,111352
Maryland,2020-W18,82191
Maryland,2020-W20,184473
Maryland,2020-W21,303394
Maryland,2020-W22,348752
Maryland,2020-W24,123006
Maryland,2020-W25,442449
Maryland,2020-W26,460066
Maryland,2020-W27,134813
Maryland,2020-W29,530175
Maryland,2020-W30,567806
Maryland,2020-W31,432208
Maryland,2020-W33,396940
Maryland,2020-W34,716352
Maryland,2020-W35,743013
Maryland,2020-W36,108249
Maryland,2020-W37,116110
Maryland,2020-W38,829260
Maryland,2020-W39,853311
Maryland,2020-W40,372916
Maryland,2020-W42,803922
Maryland,2020-W43,966570
Maryland,2020-W44,857992
Maryland,2020-W46,491789
Maryland,2020-W47,1223213
Maryland,2020-W48,1331655
Maryland,2020-W49,198370
Maryland,2020-W50,234647
Maryland,2020-W51,1708189
Maryland,2020-W52,1822858
Maryland,2020-W53,1090595
Massachusetts,2020-W04,0
Massachusetts,2020-W05,3
Massachusetts,2020-W07,8
Massachusetts,2020-W08,14
Massachusetts,2020-W09,12
Massachusetts,2020-W11,880
Massachusetts,2020-W12,9570
Massachusetts,2020-W13,36748
Massachusetts,2020-W14,18584
Massachusetts,2020-W16,264990
Massachusetts,2020-W17,372142
Massachusetts,2020-W18,254824
Massachusetts,2020-W20,432052
Massachusetts,2020-W21,643159
Massachusetts,2020-W22,671970
Massachusetts,2020-W24,202712
Massachusetts,2020-W25,715875
Massachusetts,2020-W26,724787
Massachusetts,2020-W27,208653
Massachusetts,2020-W29,753934
Massachusetts,2020-W30,765576
Massachusetts,2020-W31,555648
Massachusetts,2020-W33,463640
Massachusetts,2020-W34,822808
Massachusetts,2020-W35,838178
Massachusetts,2020-W36,121018
Massachusetts,2020-W37,124826
Massachusetts,2020-W38,883603
Massachusetts,2020-W39,903443
Massachusetts,2020-W40,394772
Massachusetts,2020-W42,851919
Massachusetts,2020-W43,1031671
Massachusetts,2020-W44,930318
Massachusetts,2020-W46,557512
Massachusetts,2020-W47,1389775
Massachusetts,2020-W48,1515695
Massachusetts,2020-W49,226132
Massachusetts,2020-W50,290578
Massachusetts,2020-W51,2163477
Massachusetts,2020-W52,2380724
Massachusetts,2020-W53,1461109
Michigan,2020-W04,0
Michigan,2020-W05,0
Michigan,2020-W07,0
Michigan,2020-W08,0
Michigan,2020-W09,0
Michigan,2020-W11,105
Michigan,2020-W12,2866
Michigan,2020-W13,23387
Michigan,2020-W14,14754
Michigan,2020-W16,209718
Michigan,2020-W17,256280
Michigan,2020-W18,167057
Michigan,2020-W20,268074
Michigan,2020-W21,404614
Michigan,2020-W22,428072
Michigan,2020-W24,131890
Michigan,2020-W25,468002
Michigan,2020-W26,482652
Michigan,2020-W27,140951
Michigan,2020-W29,557613
Michigan,2020-W30,590970
Michigan,2020-W31,444460
Michigan,2020-W33,404621
Michigan,2020-W34,732330
Michigan,2020-W35,770944
Michigan,2020-W36,113025
Michigan,2020-W37,123058
Michigan,2020-W38,885401
Michigan,2020-W39,925738
Michigan,2020-W40,410536
Michigan,2020-W42,945559
Michigan,2020-W43,1191411
Michigan,2020-W44,1128784
Michigan,2020-W46,819946
Michigan,2020-W47,2179116
Michigan,2020-W48,2519681
Michigan,2020-W49,388942
Michigan,2020-W50,465159
Michigan,2020-W51,3405109
Michigan,2020-W52,3563743
Michigan,2020-W53,2100957
Minnesota,2020-W04,0
Minnesota,2020-W05,0
Minnesota,2020-W07,0
Minnesota,2020-W08,0
Minnesota,2020-W09,0
Minnesota,2020-W11,56
Minnesota,2020-W12,692
Minnesota,2020-W13,2465
Minnesota,2020-W14,1205
Minnesota,2020-W16,13569
Minnesota,2020-W17,20934
Minnesota,2020-W18,17772
Minnesota,2020-W20,71229
Minnesota,2020-W21,128694
Minnesota,2020-W22,161257
Minnesota,2020-W24,60643
Minnesota,2020-W25,221964
Minnesota,2020-W26,239780
Minnesota,2020-W27,72164
Minnesota,2020-W29,310718
Minnesota,2020-W30,342178
Minnesota,2020-W31,265186
Minnesota,2020-W33,256281
Minnesota,2020-W34,472318
Minnesota,2020-W35,507317
Minnesota,2020-W36,75864
Minnesota,2020-W37,84311
Minnesota,2020-W38,609380
Minnesota,2020-W39,654058
Minnesota,2020-W40,295219
Minnesota,2020-W42,710921
Minnesota,2020-W43,900500
Minnesota,2020-W44,848600
Minnesota,2020-W46,646948
Minnesota,2020-W47,1749725
Minnesota,2020-W48,2050015
Minnesota,2020-W49,318763
Minnesota,2020-W50,378823
Minnesota,2020-W51,2725431
Minnesota,2020-W52,2827253
Minnesota,2020-W53,1649657
Mississippi,2020-W04,0
Mississippi,2020-W05,0
Mississippi,2020-W07,0
Mississippi,2020-W08,0
Mississippi,2020-W09,0
Mississippi,2020-W11,18
Mississippi,2020-W12,544
Mississippi,2020-W13,3432
Mississippi,2020-W14,1784
Mississippi,2020-W16,25054
Mississippi,2020-W17,36338
Mississippi,2020-W18,25820
Mississippi,2020-W20,53793
Mississippi,2020-W21,86215
Mississippi,2020-W22,101150
Mississippi,2020-W24,38864
Mississippi,2020-W25,143156
Mississippi,2020-W26,169656
Mississippi,2020-W27,53814
Mississippi,2020-W29,277899
Mississippi,2020-W30,337257
Mississippi,2020-W31,278996
Mississippi,2020-W33,284807
Mississippi,2020-W34,527108
Mississippi,2020-W35,564415
Mississippi,2020-W36,82950
Mississippi,2020-W37,89874
Mississippi,2020-W38,642593
Mississippi,2020-W39,667028
Mississippi,2020-W40,292877
Mississippi,2020-W42,650164
Mississippi,2020-W43,791170
Mississippi,2020-W44,708080
Mississippi,2020-W46,399619
Mississippi,2020-W47,972898
Mississippi,2020-W48,1031553
Mississippi,2020-W49,153270
Mississippi,2020-W50,179447
Mississippi,2020-W51,1314797
Mississippi,2020-W52,1411756
Mississippi,2020-W53,846987
Missouri,2020-W04,0
Missouri,2020-W05,0
Missouri,2020-W07,0
Missouri,2020-W08,0
Missouri,2020-W09,0
Missouri,2020-W11,21
Missouri,2020-W12,514
Missouri,2020-W13,4604
Missouri,2020-W14,3089
Missouri,2020-W16,37437
Missouri,2020-W17,47254
Missouri,2020-W18,31126
Missouri,2020-W20,54484
Missouri,2020-W21,82892
Missouri,2020-W22,91378
Missouri,2020-W24,32475
Missouri,2020-W25,122362
Missouri,2020-W26,140210
Missouri,2020-W27,43910
Missouri,2020-W29,223055
Missouri,2020-W30,273796
Missouri,2020-W31,240389
Missouri,2020-W33,269768
Missouri,2020-W34,515774
Missouri,2020-W35,572355
Missouri,2020-W36,87176
Missouri,2020-W37,106244
Missouri,2020-W38,786003
Missouri,2020-W39,862712
Missouri,2020-W40,390412
Missouri,2020-W42,950862
Missouri,2020-W43,1199119
Missouri,2020-W44,1113146
Missouri,2020-W46,754548
Missouri,2020-W47,1929443
Missouri,2020-W48,2147748
Missouri,2020-W49,321958
Missouri,2020-W50,377820
Missouri,2020-W51,2752723
Missouri,2020-W52,2918892
Missouri,2020-W53,1733952
Montana,2020-W04,0
Montana,2020-W05,0
Montana,2020-W07,0
Montana,2020-W08,0
Montana,2020-W09,0
Montana,2020-W11,12
Montana,2020-W12,116
Montana,2020-W13,632
Montana,2020-W14,369
Montana,2020-W16,2893
Montana,2020-W17,3088
Montana,2020-W18,1804
Montana,2020-W20,2326
Montana,2020-W21,3335
Montana,2020-W22,3437
Montana,2020-W24,1189
Montana,2020-W25,4589
Montana,2020-W26,5590
Montana,2020-W27,1886
Montana,2020-W29,15492
Montana,2020-W30,20690
Montana,2020-W31,18309
Montana,2020-W33,22357
Montana,2020-W34,42687
Montana,2020-W35,48481
Montana,2020-W36,7421
Montana,2020-W37,9021
Montana,2020-W38,67762
Montana,2020-W39,78861
Montana,2020-W40,38208
Montana,2020-W42,127395
Montana,2020-W43,179360
Montana,2020-W44,183383
Montana,2020-W46,137288
Montana,2020-W47,363340
Montana,2020-W48,414574
Montana,2020-W49,62198
Montana,2020-W50,73303
Montana,2020-W51,527251
Montana,2020-W52,550864
Montana,2020-W53,323280
Nebraska,2020-W04,0
Nebraska,2020-W05,0
Nebraska,2020-W07,0
Nebraska,2020-W08,0
Nebraska,2020-W09,0
Nebraska,2020-W11,49
Nebraska,2020-W12,220
Nebraska,2020-W13,548
Nebraska,2020-W14,317
Nebraska,2020-W16,7353
Nebraska,2020-W17,15521
Nebraska,2020-W18,15007
Nebraska,2020-W20,48179
Nebraska,2020-W21,79787
Nebraska,2020-W22,92868
Nebraska,2020-W24,33370
Nebraska,2020-W25,121641
Nebraska,2020-W26,128827
Nebraska,2020-W27,38219
Nebraska,2020-W29,154654
Nebraska,2020-W30,166528
Nebraska,2020-W31,127455
Nebraska,2020-W33,120261
Nebraska,2020-W34,219071
Nebraska,2020-W35,231458
Nebraska,2020-W36,34287
Nebraska,2020-W37,38188
Nebraska,2020-W38,279219
Nebraska,2020-W39,299003
Nebraska,2020-W40,135186
Nebraska,2020-W42,335552
Nebraska,2020-W43,429341
Nebraska,2020-W44,404947
Nebraska,2020-W46,289917
Nebraska,2020-W47,760054
Nebraska,2020-W48,848331
Nebraska,2020-W49,128407
Nebraska,2020-W50,148861
Nebraska,2020-W51,1072250
Nebraska,2020-W52,1119919
Nebraska,2020-W53,658725
Nevada,2020-W04,0
Nevada,2020-W05,0
Nevada,2020-W07,0
Nevada,2020-W08,0
Nevada,2020-W09,0
Nevada,2020-W11,58
Nevada,2020-W12,762
Nevada,2020-W13,3348
Nevada,2020-W14,2126
Nevada,2020-W16,23427
Nevada,2020-W17,29727
Nevada,2020-W18,19508
Nevada,2020-W20,33475
Nevada,2020-W21,51877
Nevada,2020-W22,57932
Nevada,2020-W24,22198
Nevada,2020-W25,85761
Nevada,2020-W26,105485
Nevada,2020-W27,36350
Nevada,2020-W29,224054
Nevada,2020-W30,278361
Nevada,2020-W31,229485
Nevada,2020-W33,240312
Nevada,2020-W34,446321
Nevada,2020-W35,471530
Nevada,2020-W36,69228
Nevada,2020-W37,73537
Nevada,2020-W38,523016
Nevada,2020-W39,541174
Nevada,2020-W40,238766
Nevada,2020-W42,530716
Nevada,2020-W43,651439
Nevada,2020-W44,589662
Nevada,2020-W46,355926
Nevada,2020-W47,894564
Nevada,2020-W48,1008419
Nevada,2020-W49,152171
Nevada,2020-W50,186833
Nevada,2020-W51,1376682
Nevada,2020-W52,1482257
Nevada,2020-W53,885827
New Hampshire,2020-W04,0
New Hampshire,2020-W05,0
New Hampshire,2020-W07,0
New Hampshire,2020-W08,0
New Hampshire,2020-W09,0
New Hampshire,2020-W11,20
New Hampshire,2020-W12,309
New Hampshire,2020-W13,1006
New Hampshire,2020-W14,671
New Hampshire,2020-W16,8204
New Hampshire,2020-W17,11576
New Hampshire,2020-W18,8152
New Hampshire,2020-W20,17286
New Hampshire,2020-W21,27428
New Hampshire,2020-W22,30738
New Hampshire,2020-W24,10617
New Hampshire,2020-W25,38143
New Hampshire,2020-W26,39500
New Hampshire,2020-W27,11542
New Hampshire,2020-W29,42967
New Hampshire,2020-W30,44350
New Hampshire,2020-W31,32581
New Hampshire,2020-W33,27853
New Hampshire,2020-W34,49379
New Hampshire,2020-W35,50362
New Hampshire,2020-W36,7275
New Hampshire,2020-W37,7696
New Hampshire,2020-W38,54754
New Hampshire,2020-W39,56371
New Hampshire,2020-W40,24707
New Hampshire,2020-W42,56818
New Hampshire,2020-W43,70163
New Hampshire,2020-W44,64304
New Hampshire,2020-W46,42617
New Hampshire,2020-W47,112909
New Hampshire,2020-W48,134412
New Hampshire,2020-W49,21033
New Hampshire,2020-W50,31705
New Hampshire,2020-W51,244034
New Hampshire,2020-W52,278437
New Hampshire,2020-W53,173915
New Jersey,2020-W04,0
New Jersey,2020-W05,0
New Jersey,2020-W07,0
New Jersey,2020-W08,0
New Jersey,2020-W09,0
New Jersey,2020-W11,190
New Jersey,2020-W12,5695
New Jersey,2020-W13,51132
New Jersey,2020-W14,35332
New Jersey,2020-W16,524943
New Jersey,2020-W17,693780
New Jersey,2020-W18,460061
New Jersey,2020-W20,720517
New Jersey,2020-W21,1061315
New Jersey,2020-W22,1105601
New Jersey,2020-W24,334566
New Jersey,2020-W25,1181294
New Jersey,2020-W26,1197592
New Jersey,2020-W27,344832
New Jersey,2020-W29,1245717
New Jersey,2020-W30,1259872
New Jersey,2020-W31,914322
New Jersey,2020-W33,760117
New Jersey,2020-W34,1342108
New Jersey,2020-W35,1358226
New Jersey,2020-W36,195500
New Jersey,2020-W37,200795
New Jersey,2020-W38,1419140
New Jersey,2020-W39,1445405
New Jersey,2020-W40,629787
New Jersey,2020-W42,1348402
New Jersey,2020-W43,1634690
New Jersey,2020-W44,1470194
New Jersey,2020-W46,885890
New Jersey,2020-W47,2221642
New Jersey,2020-W48,2450047
New Jersey,2020-W49,368086
New Jersey,2020-W50,440464
New Jersey,2020-W51,3229476
New Jersey,2020-W52,3473112
New Jersey,2020-W53,2083596
New Mexico,2020-W04,0
New Mexico,2020-W05,0
New Mexico,2020-W07,0
New Mexico,2020-W08,0
New Mexico,2020-W09,0
New Mexico,2020-W11,36
New Mexico,2020-W12,261
New Mexico,2020-W13,990
New Mexico,2020-W14,552
New Mexico,2020-W16,10815
New Mexico,2020-W17,16438
New Mexico,2020-W18,12423
New Mexico,2020-W20,28314
New Mexico,2020-W21,45270
New Mexico,2020-W22,51578
New Mexico,2020-W24,19344
New Mexico,2020-W25,71251
New Mexico,2020-W26,78550
New Mexico,2020-W27,24129
New Mexico,2020-W29,112947
New Mexico,2020-W30,127028
New Mexico,2020-W31,100417
New Mexico,2020-W33,92857
New Mexico,2020-W34,167572
New Mexico,2020-W35,174303
New Mexico,2020-W36,25352
New Mexico,2020-W37,26761
New Mexico,2020-W38,190446
New Mexico,2020-W39,197707
New Mexico,2020-W40,87577
New Mexico,2020-W42,211862
New Mexico,2020-W43,276361
New Mexico,2020-W44,266884
New Mexico,2020-W46,189378
New Mexico,2020-W47,516014
New Mexico,2020-W48,629544
New Mexico,2020-W49,97095
New Mexico,2020-W50,119800
New Mexico,2020-W51,880681
New Mexico,2020-W52,943107
New Mexico,2020-W53,562584
New York,2020-W04,0
New York,2020-W05,0
New York,2020-W07,0
New York,2020-W08,0
New York,2020-W09,0
New York,2020-W11,1569
New York,2020-W12,42357
New York,2020-W13,271552
New York,2020-W14,142516
New York,2020-W16,1610444
New York,2020-W17,1917439
New York,2020-W18,1210925
New York,2020-W20,1742529
New York,2020-W21,2514760
New York,2020-W22,2588713
New York,2020-W24,770901
New York,2020-W25,2717681
New York,2020-W26,2749563
New York,2020-W27,791315
New York,2020-W29,2853904
New York,2020-W30,2889676
New York,2020-W31,2083920
New York,2020-W33,1707784
New York,2020-W34,3011359
New York,2020-W35,3040946
New York,2020-W36,437154
New York,2020-W37,446862
New York,2020-W38,3149471
New York,2020-W39,3189149
New York,2020-W40,1381664
New York,2020-W42,2902559
New York,2020-W43,3457742
New York,2020-W44,3037033
New York,2020-W46,1684378
New York,2020-W47,4103112
New York,2020-W48,4401318
New York,2020-W49,656413
New York,2020-W50,784815
New York,2020-W51,5779837
New York,2020-W52,6298740
New York,2020-W53,3832936
North Carolina,2020-W04,0
North Carolina,2020-W05,0
North Carolina,2020-W07,0
North Carolina,2020-W08,0
North Carolina,2020-W09,0
North Carolina,2020-W11,87
North Carolina,2020-W12,1177
North Carolina,2020-W13,5721
North Carolina,2020-W14,3004
North Carolina,2020-W16,41093
North Carolina,2020-W17,57194
North Carolina,2020-W18,41757
North Carolina,2020-W20,90444
North Carolina,2020-W21,152638
North Carolina,2020-W22,187727
North Carolina,2020-W24,89681
North Carolina,2020-W25,351221
North Carolina,2020-W26,416865
North Carolina,2020-W27,132557
North Carolina,2020-W29,674434
North Carolina,2020-W30,769746
North Carolina,2020-W31,608249
North Carolina,2020-W33,588687
North Carolina,2020-W34,1087241
North Carolina,2020-W35,1167441
North Carolina,2020-W36,172879
North Carolina,2020-W37,189768
North Carolina,2020-W38,1367573
North Carolina,2020-W39,1432628
North Carolina,2020-W40,630893
North Carolina,2020-W42,1441203
North Carolina,2020-W43,1773605
North Carolina,2020-W44,1607247
North Carolina,2020-W46,926586
North Carolina,2020-W47,2275604
North Carolina,2020-W48,2448750
North Carolina,2020-W49,364512
North Carolina,2020-W50,436595
North Carolina,2020-W51,3215040
North Carolina,2020-W52,3486840
North Carolina,2020-W53,2117370
North Dakota,2020-W04,0
North Dakota,2020-W05,0
North Dakota,2020-W07,0
North Dakota,2020-W08,0
North Dakota,2020-W09,0
North Dakota,2020-W11,3
North Dakota,2020-W12,111
North Dakota,2020-W13,422
North Dakota,2020-W14,231
North Dakota,2020-W16,3273
North Dakota,2020-W17,5395
North Dakota,2020-W18,4202
North Dakota,2020-W20,9133
North Dakota,2020-W21,15473
North Dakota,2020-W22,17637
North Dakota,2020-W24,6186
North Dakota,2020-W25,22570
North Dakota,2020-W26,23992
North Dakota,2020-W27,7195
North Dakota,2020-W29,33549
North Dakota,2020-W30,39244
North Dakota,2020-W31,31698
North Dakota,2020-W33,33951
North Dakota,2020-W34,65944
North Dakota,2020-W35,77416
North Dakota,2020-W36,11978
North Dakota,2020-W37,15793
North Dakota,2020-W38,119817
North Dakota,2020-W39,138489
North Dakota,2020-W40,65260
North Dakota,2020-W42,184040
North Dakota,2020-W43,251787
North Dakota,2020-W44,252557
North Dakota,2020-W46,193570
North Dakota,2020-W47,495203
North Dakota,2020-W48,546528
North Dakota,2020-W49,80755
North Dakota,2020-W50,87560
North Dakota,2020-W51,621838
North Dakota,2020-W52,633406
North Dakota,2020-W53,366663
Northern Mariana Islands,2020-W04,0
Northern Mariana Islands,2020-W05,0
Northern Mariana Islands,2020-W07,0
Northern Mariana Islands,2020-W08,0
Northern Mariana Islands,2020-W09,0
Northern Mariana Islands,2020-W11,0
Northern Mariana Islands,2020-W12,0
Northern Mariana Islands,2020-W13,0
Northern Mariana Islands,2020-W14,4
Northern Mariana Islands,2020-W16,89
Northern Mariana Islands,2020-W17,98
Northern Mariana Islands,2020-W18,56
Northern Mariana Islands,2020-W20,97
Northern Mariana Islands,2020-W21,150
Northern Mariana Islands,2020-W22,154
Northern Mariana Islands,2020-W24,60
Northern Mariana Islands,2020-W25,210
Northern Mariana Islands,2020-W26,210
Northern Mariana Islands,2020-W27,60
Northern Mariana Islands,2020-W29,249
Northern Mariana Islands,2020-W30,265
Northern Mariana Islands,2020-W31,202
Northern Mariana Islands,2020-W33,198
Northern Mariana Islands,2020-W34,374
Northern Mariana Islands,2020-W35,380
Northern Mariana Islands,2020-W36,56
Northern Mariana Islands,2020-W37,60
Northern Mariana Islands,2020-W38,435
Northern Mariana Islands,2020-W39,483
Northern Mariana Islands,2020-W40,210
Northern Mariana Islands,2020-W42,477
Northern Mariana Islands,2020-W43,612
Northern Mariana Islands,2020-W44,548
Northern Mariana Islands,2020-W46,302
Northern Mariana Islands,2020-W47,721
Northern Mariana Islands,2020-W48,729
Northern Mariana Islands,2020-W49,105
Northern Mariana Islands,2020-W50,113
Northern Mariana Islands,2020-W51,798
Northern Mariana Islands,2020-W52,834
Northern Mariana Islands,2020-W53,488
Ohio,2020-W04,0
Ohio,2020-W05,0
Ohio,2020-W07,0
Ohio,2020-W08,0
Ohio,2020-W09,0
Ohio,2020-W11,68
Ohio,2020-W12,1101
Ohio,2020-W13,6778
Ohio,2020-W14,4132
Ohio,2020-W16,61399
Ohio,2020-W17,102183
Ohio,2020-W18,68424
Ohio,2020-W20,134429
Ohio,2020-W21,211122
Ohio,2020-W22,237949
Ohio,2020-W24,81999
Ohio,2020-W25,301930
Ohio,2020-W26,334476
Ohio,2020-W27,102835
Ohio,2020-W29,495793
Ohio,2020-W30,561314
Ohio,2020-W31,440352
Ohio,2020-W33,427944
Ohio,2020-W34,783869
Ohio,2020-W35,832262
Ohio,2020-W36,123155
Ohio,2020-W37,137405
Ohio,2020-W38,990524
Ohio,2020-W39,1035224
Ohio,2020-W40,458696
Ohio,2020-W42,1061137
Ohio,2020-W43,1334567
Ohio,2020-W44,1245734
Ohio,2020-W46,870867
Ohio,2020-W47,2293378
Ohio,2020-W48,2721573
Ohio,2020-W49,421063
Ohio,2020-W50,562727
Ohio,2020-W51,4174000
Ohio,2020-W52,4553701
Ohio,2020-W53,2748742
Oklahoma,2020-W04,0
Oklahoma,2020-W05,0
Oklahoma,2020-W07,0
Oklahoma,2020-W08,0
Oklahoma,2020-W09,0
Oklahoma,2020-W11,11
Oklahoma,2020-W12,257
Oklahoma,2020-W13,1727
Oklahoma,2020-W14,1049
Oklahoma,2020-W16,16370
Oklahoma,2020-W17,20967
Oklahoma,2020-W18,13782
Oklahoma,2020-W20,25455
Oklahoma,2020-W21,39945
Oklahoma,2020-W22,43904
Oklahoma,2020-W24,16304
Oklahoma,2020-W25,65582
Oklahoma,2020-W26,83163
Oklahoma,2020-W27,26932
Oklahoma,2020-W29,163203
Oklahoma,2020-W30,197511
Oklahoma,2020-W31,173310
Oklahoma,2020-W33,189140
Oklahoma,2020-W34,356125
Oklahoma,2020-W35,389814
Oklahoma,2020-W36,58733
Oklahoma,2020-W37,69354
Oklahoma,2020-W38,514317
Oklahoma,2020-W39,568748
Oklahoma,2020-W40,258612
Oklahoma,2020-W42,627019
Oklahoma,2020-W43,787236
Oklahoma,2020-W44,719410
Oklahoma,2020-W46,451691
Oklahoma,2020-W47,1153545
Oklahoma,2020-W48,1304104
Oklahoma,2020-W49,197745
Oklahoma,2020-W50,237682
Oklahoma,2020-W51,1744041
Oklahoma,2020-W52,1900125
Oklahoma,2020-W53,1145322
Oregon,2020-W04,0
Oregon,2020-W05,0
Oregon,2020-W07,0
Oregon,2020-W08,0
Oregon,2020-W09,1
Oregon,2020-W11,102
Oregon,2020-W12,680
Oregon,2020-W13,2426
Oregon,2020-W14,1296
Oregon,2020-W16,12155
Oregon,2020-W17,14888
Oregon,2020-W18,9695
Oregon,2020-W20,17671
Oregon,2020-W21,26710
Oregon,2020-W22,28599
Oregon,2020-W24,11013
Oregon,2020-W25,44761
Oregon,2020-W26,53622
Oregon,2020-W27,17141
Oregon,2020-W29,94363
Oregon,2020-W30,110446
Oregon,2020-W31,88840
Oregon,2020-W33,91193
Oregon,2020-W34,169230
Oregon,2020-W35,180779
Oregon,2020-W36,26713
Oregon,2020-W37,29337
Oregon,2020-W38,210651
Oregon,2020-W39,223391
Oregon,2020-W40,99794
Oregon,2020-W42,232247
Oregon,2020-W43,286004
Oregon,2020-W44,261574
Oregon,2020-W46,167835
Oregon,2020-W47,427771
Oregon,2020-W48,488129
Oregon,2020-W49,75431
Oregon,2020-W50,93853
Oregon,2020-W51,692712
Oregon,2020-W52,746491
Oregon,2020-W53,447941
Pennsylvania,2020-W04,0
Pennsylvania,2020-W05,0
Pennsylvania,2020-W07,0
Pennsylvania,2020-W08,0
Pennsylvania,2020-W09,0
Pennsylvania,2020-W11,135
Pennsylvania,2020-W12,1771
Pennsylvania,2020-W13,13321
Pennsylvania,2020-W14,9118
Pennsylvania,2020-W16,199455
Pennsylvania,2020-W17,267763
Pennsylvania,2020-W18,183219
Pennsylvania,2020-W20,319682
Pennsylvania,2020-W21,481910
Pennsylvania,2020-W22,515961
Pennsylvania,2020-W24,164785
Pennsylvania,2020-W25,588783
Pennsylvania,2020-W26,613422
Pennsylvania,2020-W27,180340
Pennsylvania,2020-W29,717088
Pennsylvania,2020-W30,760648
Pennsylvania,2020-W31,571333
Pennsylvania,2020-W33,510395
Pennsylvania,2020-W34,918789
Pennsylvania,2020-W35,950075
Pennsylvania,2020-W36,138426
Pennsylvania,2020-W37,149094
Pennsylvania,2020-W38,1067591
Pennsylvania,2020-W39,1107511
Pennsylvania,2020-W40,488643
Pennsylvania,2020-W42,1099573
Pennsylvania,2020-W43,1356416
Pennsylvania,2020-W44,1243389
Pennsylvania,2020-W46,799033
Pennsylvania,2020-W47,2073335
Pennsylvania,2020-W48,2404484
Pennsylvania,2020-W49,369016
Pennsylvania,2020-W50,499621
Pennsylvania,2020-W51,3758926
Pennsylvania,2020-W52,4176007
Pennsylvania,2020-W53,2541055
Puerto Rico,2020-W04,0
Puerto Rico,2020-W05,0
Puerto Rico,2020-W07,0
Puerto Rico,2020-W08,0
Puerto Rico,2020-W09,0
Puerto Rico,2020-W11,0
Puerto Rico,2020-W12,78
Puerto Rico,2020-W13,491
Puerto Rico,2020-W14,413
Puerto Rico,2020-W16,7242
Puerto Rico,2020-W17,8067
Puerto Rico,2020-W18,3631
Puerto Rico,2020-W20,5448
Puerto Rico,2020-W21,8444
Puerto Rico,2020-W22,8844
Puerto Rico,2020-W24,2931
Puerto Rico,2020-W25,10501
Puerto Rico,2020-W26,11055
Puerto Rico,2020-W27,3331
Puerto Rico,2020-W29,22401
Puerto Rico,2020-W30,32242
Puerto Rico,2020-W31,28618
Puerto Rico,2020-W33,43329
Puerto Rico,2020-W34,88895
Puerto Rico,2020-W35,101334
Puerto Rico,2020-W36,15476
Puerto Rico,2020-W37,17769
Puerto Rico,2020-W38,132058
Puerto Rico,2020-W39,149034
Puerto Rico,2020-W40,71158
Puerto Rico,2020-W42,167893
Puerto Rico,2020-W43,212009
Puerto Rico,2020-W44,198456
Puerto Rico,2020-W46,125370
Puerto Rico,2020-W47,314170
Puerto Rico,2020-W48,348660
Puerto Rico,2020-W49,52545
Puerto Rico,2020-W50,62431
Puerto Rico,2020-W51,456617
Puerto Rico,2020-W52,497151
Puerto Rico,2020-W53,301627
Rhode Island,2020-W04,0
Rhode Island,2020-W05,0
Rhode Island,2020-W07,0
Rhode Island,2020-W08,0
Rhode Island,2020-W09,0
Rhode Island,2020-W11,52
Rhode Island,2020-W12,324
Rhode Island,2020-W13,1263
Rhode Island,2020-W14,896
Rhode Island,2020-W16,26070
Rhode Island,2020-W17,43954
Rhode Island,2020-W18,32503
Rhode Island,2020-W20,61178
Rhode Island,2020-W21,94426
Rhode Island,2020-W22,101504
Rhode Island,2020-W24,31894
Rhode Island,2020-W25,113750
Rhode Island,2020-W26,116221
Rhode Island,2020-W27,33577
Rhode Island,2020-W29,123805
Rhode Island,2020-W30,126772
Rhode Island,2020-W31,94012
Rhode Island,2020-W33,81245
Rhode Island,2020-W34,145996
Rhode Island,2020-W35,150766
Rhode Island,2020-W36,21949
Rhode Island,2020-W37,22905
Rhode Island,2020-W38,164086
Rhode Island,2020-W39,169007
Rhode Island,2020-W40,73728
Rhode Island,2020-W42,164635
Rhode Island,2020-W43,206067
Rhode Island,2020-W44,192473
Rhode Island,2020-W46,124587
Rhode Island,2020-W47,325316
Rhode Island,2020-W48,368493
Rhode Island,2020-W49,56723
Rhode Island,2020-W50,70818
Rhode Island,2020-W51,536243
Rhode Island,2020-W52,571748
Rhode Island,2020-W53,348289
South Carolina,2020-W04,0
South Carolina,2020-W05,0
South Carolina,2020-W07,0
South Carolina,2020-W08,0
South Carolina,2020-W09,0
South Carolina,2020-W11,46
South Carolina,2020-W12,713
South Carolina,2020-W13,3464
South Carolina,2020-W14,2008
South Carolina,2020-W16,27255
South Carolina,2020-W17,34384
South Carolina,2020-W18,23325
South Carolina,2020-W20,42103
South Carolina,2020-W21,66183
South Carolina,2020-W22,76391
South Carolina,2020-W24,36750
South Carolina,2020-W25,152482
South Carolina,2020-W26,204751
South Carolina,2020-W27,71043
South Carolina,2020-W29,448543
South Carolina,2020-W30,536244
South Carolina,2020-W31,428960
South Carolina,2020-W33,421129
South Carolina,2020-W34,766017
South Carolina,2020-W35,806254
South Carolina,2020-W36,118992
South Carolina,2020-W37,131864
South Carolina,2020-W38,946984
South Carolina,2020-W39,998368
South Carolina,2020-W40,442031
South Carolina,2020-W42,969255
South Carolina,2020-W43,1172512
South Carolina,2020-W44,1044368
South Carolina,2020-W46,581622
South Carolina,2020-W47,1409598
South Carolina,2020-W48,1482752
South Carolina,2020-W49,217487
South Carolina,2020-W50,252206
South Carolina,2020-W51,1846008
South Carolina,2020-W52,1991145
South Carolina,2020-W53,1209634
South Dakota,2020-W04,0
South Dakota,2020-W05,0
South Dakota,2020-W07,0
South Dakota,2020-W08,0
South Dakota,2020-W09,0
South Dakota,2020-W11,24
South Dakota,2020-W12,95
South Dakota,2020-W13,361
South Dakota,2020-W14,209
South Dakota,2020-W16,8923
South Dakota,2020-W17,13653
South Dakota,2020-W18,9379
South Dakota,2020-W20,19357
South Dakota,2020-W21,29849
South Dakota,2020-W22,33561
South Dakota,2020-W24,11731
South Dakota,2020-W25,42733
South Dakota,2020-W26,45419
South Dakota,2020-W27,13480
South Dakota,2020-W29,53999
South Dakota,2020-W30,57082
South Dakota,2020-W31,43026
South Dakota,2020-W33,40313
South Dakota,2020-W34,75353
South Dakota,2020-W35,85476
South Dakota,2020-W36,13509
South Dakota,2020-W37,16638
South Dakota,2020-W38,123987
South Dakota,2020-W39,141017
South Dakota,2020-W40,66124
South Dakota,2020-W42,188251
South Dakota,2020-W43,253900
South Dakota,2020-W44,256022
South Dakota,2020-W46,191890
South Dakota,2020-W47,488324
South Dakota,2020-W48,538270
South Dakota,2020-W49,80464
South Dakota,2020-W50,91038
South Dakota,2020-W51,651688
South Dakota,2020-W52,674068
South Dakota,2020-W53,393699
Tennessee,2020-W04,0
Tennessee,2020-W05,0
Tennessee,2020-W07,0
Tennessee,2020-W08,0
Tennessee,2020-W09,0
Tennessee,2020-W11,90
Tennessee,2020-W12,1300
Tennessee,2020-W13,7948
Tennessee,2020-W14,4308
Tennessee,2020-W16,44392
Tennessee,2020-W17,59862
Tennessee,2020-W18,42813
Tennessee,2020-W20,85549
Tennessee,2020-W21,133944
Tennessee,2020-W22,153506
Tennessee,2020-W24,59997
Tennessee,2020-W25,230715
Tennessee,2020-W26,266933
Tennessee,2020-W27,85749
Tennessee,2020-W29,500374
Tennessee,2020-W30,604674
Tennessee,2020-W31,500242
Tennessee,2020-W33,518216
Tennessee,2020-W34,963336
Tennessee,2020-W35,1032526
Tennessee,2020-W36,153336
Tennessee,2020-W37,170768
Tennessee,2020-W38,1240191
Tennessee,2020-W39,1306589
Tennessee,2020-W40,579358
Tennessee,2020-W42,1331797
Tennessee,2020-W43,1659687
Tennessee,2020-W44,1519277
Tennessee,2020-W46,911982
Tennessee,2020-W47,2279062
Tennessee,2020-W48,2456283
Tennessee,2020-W49,371073
Tennessee,2020-W50,453327
Tennessee,2020-W51,3435211
Tennessee,2020-W52,3796163
Tennessee,2020-W53,2293069
Texas,2020-W04,0
Texas,2020-W05,0
Texas,2020-W07,0
Texas,2020-W08,0
Texas,2020-W09,0
Texas,2020-W11,168
Texas,2020-W12,2353
Texas,2020-W13,11727
Texas,2020-W14,6982
Texas,2020-W16,86431
Texas,2020-W17,118160
Texas,2020-W18,86796
Texas,2020-W20,194549
Texas,2020-W21,315332
Texas,2020-W22,357533
Texas,2020-W24,169149
Texas,2020-W25,703571
Texas,2020-W26,928239
Texas,2020-W27,324920
Texas,2020-W29,2059270
Texas,2020-W30,2475056
Texas,2020-W31,2011354
Texas,2020-W33,2251734
Texas,2020-W34,4210195
Texas,2020-W35,4460282
Texas,2020-W36,655014
Texas,2020-W37,710126
Texas,2020-W38,5093877
Texas,2020-W39,5329246
Texas,2020-W40,2343455
Texas,2020-W42,5051251
Texas,2020-W43,6124595
Texas,2020-W44,5489821
Texas,2020-W46,3117702
Texas,2020-W47,7635135
Texas,2020-W48,8299044
Texas,2020-W49,1237189
Texas,2020-W50,1424372
Texas,2020-W51,10517555
Texas,2020-W52,11420537
Texas,2020-W53,6945571
Utah,2020-W04,0
Utah,2020-W05,0
Utah,2020-W07,0
Utah,2020-W08,0
Utah,2020-W09,0
Utah,2020-W11,37
Utah,2020-W12,551
Utah,2020-W13,3085
Utah,2020-W14,1686
Utah,2020-W16,18790
Utah,2020-W17,25420
Utah,2020-W18,17750
Utah,2020-W20,34588
Utah,2020-W21,55195
Utah,2020-W22,63362
Utah,2020-W24,28294
Utah,2020-W25,111683
Utah,2020-W26,136142
Utah,2020-W27,43881
Utah,2020-W29,223265
Utah,2020-W30,253773
Utah,2020-W31,196350
Utah,2020-W33,184373
Utah,2020-W34,335928
Utah,2020-W35,354070
Utah,2020-W36,52107
Utah,2020-W37,57875
Utah,2020-W38,426242
Utah,2020-W39,471170
Utah,2020-W40,216620
Utah,2020-W42,546891
Utah,2020-W43,699268
Utah,2020-W44,660342
Utah,2020-W46,450738
Utah,2020-W47,1164499
Utah,2020-W48,1305285
Utah,2020-W49,195706
Utah,2020-W50,233904
Utah,2020-W51,1704788
Utah,2020-W52,1815695
Utah,2020-W53,1084468
Vermont,2020-W04,0
Vermont,2020-W05,0
Vermont,2020-W07,0
Vermont,2020-W08,0
Vermont,2020-W09,0
Vermont,2020-W11,12
Vermont,2020-W12,189
Vermont,2020-W13,1083
Vermont,2020-W14,549
Vermont,2020-W16,5428
Vermont,2020-W17,5803
Vermont,2020-W18,3445
Vermont,2020-W20,4668
Vermont,2020-W21,6640
Vermont,2020-W22,6807
Vermont,2020-W24,2252
Vermont,2020-W25,7974
Vermont,2020-W26,8302
Vermont,2020-W27,2416
Vermont,2020-W29,9271
Vermont,2020-W30,9650
Vermont,2020-W31,7034
Vermont,2020-W33,6009
Vermont,2020-W34,10778
Vermont,2020-W35,11111
Vermont,2020-W36,1624
Vermont,2020-W37,1684
Vermont,2020-W38,11936
Vermont,2020-W39,12098
Vermont,2020-W40,5246
Vermont,2020-W42,11456
Vermont,2020-W43,13992
Vermont,2020-W44,12791
Vermont,2020-W46,8475
Vermont,2020-W47,23217
Vermont,2020-W48,27268
Vermont,2020-W49,4172
Vermont,2020-W50,5753
Vermont,2020-W51,42967
Vermont,2020-W52,47379
Vermont,2020-W53,29010
Virgin Islands,2020-W04,0
Virgin Islands,2020-W05,0
Virgin Islands,2020-W07,0
Virgin Islands,2020-W08,0
Virgin Islands,2020-W09,0
Virgin Islands,2020-W11,0
Virgin Islands,2020-W12,23
Virgin Islands,2020-W13,122
Virgin Islands,2020-W14,60
Virgin Islands,2020-W16,361
Virgin Islands,2020-W17,380
Virgin Islands,2020-W18,237
Virgin Islands,2020-W20,345
Virgin Islands,2020-W21,483
Virgin Islands,2020-W22,483
Virgin Islands,2020-W24,144
Virgin Islands,2020-W25,512
Virgin Islands,2020-W26,551
Virgin Islands,2020-W27,162
Virgin Islands,2020-W29,1733
Virgin Islands,2020-W30,2320
Virgin Islands,2020-W31,1915
Virgin Islands,2020-W33,2861
Virgin Islands,2020-W34,6125
Virgin Islands,2020-W35,7386
Virgin Islands,2020-W36,1134
Virgin Islands,2020-W37,1220
Virgin Islands,2020-W38,8706
Virgin Islands,2020-W39,9057
Virgin Islands,2020-W40,3954
Virgin Islands,2020-W42,7984
Virgin Islands,2020-W43,9390
Virgin Islands,2020-W44,8143
Virgin Islands,2020-W46,4294
Virgin Islands,2020-W47,10293
Virgin Islands,2020-W48,10673
Virgin Islands,2020-W49,1544
Virgin Islands,2020-W50,1791
Virgin Islands,2020-W51,13115
Virgin Islands,2020-W52,13742
Virgin Islands,2020-W53,8056
Virginia,2020-W04,0
Virginia,2020-W05,0
Virginia,2020-W07,0
Virginia,2020-W08,0
Virginia,2020-W09,0
Virginia,2020-W11,101
Virginia,2020-W12,798
Virginia,2020-W13,3646
Virginia,2020-W14,2269
Virginia,2020-W16,49404
Virginia,2020-W17,76814
Virginia,2020-W18,58686
Virginia,2020-W20,143302
Virginia,2020-W21,237273
Virginia,2020-W22,289470
Virginia,2020-W24,108375
Virginia,2020-W25,394460
Virginia,2020-W26,420472
Virginia,2020-W27,124976
Virginia,2020-W29,521279
Virginia,2020-W30,569916
Virginia,2020-W31,439851
Virginia,2020-W33,420897
Virginia,2020-W34,770490
Virginia,2020-W35,816414
Virginia,2020-W36,120594
Virginia,2020-W37,133814
Virginia,2020-W38,962772
Virginia,2020-W39,1005215
Virginia,2020-W40,442380
Virginia,2020-W42,980856
Virginia,2020-W43,1190485
Virginia,2020-W44,1065450
Virginia,2020-W46,602021
Virginia,2020-W47,1477825
Virginia,2020-W48,1599823
Virginia,2020-W49,237835
Virginia,2020-W50,281909
Virginia,2020-W51,2070999
Virginia,2020-W52,2259565
Virginia,2020-W53,1370401
Washington,2020-W04,5
Washington,2020-W05,5
Washington,2020-W07,4
Washington,2020-W08,7
Washington,2020-W09,12
Washington,2020-W11,1813
Washington,2020-W12,9444
Washington,2020-W13,22319
Washington,2020-W14,10355
Washington,2020-W16,78704
Washington,2020-W17,89672
Washington,2020-W18,55925
Washington,2020-W20,89957
Washington,2020-W21,133868
Washington,2020-W22,145538
Washington,2020-W24,51983
Washington,2020-W25,193893
Washington,2020-W26,215961
Washington,2020-W27,66270
Washington,2020-W29,315412
Washington,2020-W30,356532
Washington,2020-W31,279253
Washington,2020-W33,268678
Washington,2020-W34,491442
Washington,2020-W35,516313
Washington,2020-W36,75502
Washington,2020-W37,81056
Washington,2020-W38,578757
Washington,2020-W39,603381
Washington,2020-W40,266577
Washington,2020-W42,594107
Washington,2020-W43,723936
Washington,2020-W44,650712
Washington,2020-W46,399501
Washington,2020-W47,1006015
Washington,2020-W48,1137808
Washington,2020-W49,171962
Washington,2020-W50,210809
Washington,2020-W51,1523787
Washington,2020-W52,1624348
Washington,2020-W53,968600
West Virginia,2020-W04,0
West Virginia,2020-W05,0
West Virginia,2020-W07,0
West Virginia,2020-W08,0
West Virginia,2020-W09,0
West Virginia,2020-W11,0
West Virginia,2020-W12,39
West Virginia,2020-W13,414
West Virginia,2020-W14,307
West Virginia,2020-W16,5131
West Virginia,2020-W17,6805
West Virginia,2020-W18,4393
West Virginia,2020-W20,7234
West Virginia,2020-W21,11333
West Virginia,2020-W22,13332
West Virginia,2020-W24,4564
West Virginia,2020-W25,16958
West Virginia,2020-W26,18814
West Virginia,2020-W27,5775
West Virginia,2020-W29,32601
West Virginia,2020-W30,38237
West Virginia,2020-W31,31350
West Virginia,2020-W33,33469
West Virginia,2020-W34,62708
West Virginia,2020-W35,67796
West Virginia,2020-W36,10249
West Virginia,2020-W37,12705
West Virginia,2020-W38,94088
West Virginia,2020-W39,103289
West Virginia,2020-W40,47059
West Virginia,2020-W42,115936
West Virginia,2020-W43,147621
West Virginia,2020-W44,139919
West Virginia,2020-W46,98090
West Virginia,2020-W47,262005
West Virginia,2020-W48,308315
West Virginia,2020-W49,47842
West Virginia,2020-W50,63217
West Virginia,2020-W51,478744
West Virginia,2020-W52,540972
West Virginia,2020-W53,333768
Wisconsin,2020-W04,0
Wisconsin,2020-W05,0
Wisconsin,2020-W07,0
Wisconsin,2020-W08,0
Wisconsin,2020-W09,0
Wisconsin,2020-W11,74
Wisconsin,2020-W12,1273
Wisconsin,2020-W13,5400
Wisconsin,2020-W14,2642
Wisconsin,2020-W16,27177
Wisconsin,2020-W17,35976
Wisconsin,2020-W18,25744
Wisconsin,2020-W20,58592
Wisconsin,2020-W21,97420
Wisconsin,2020-W22,119223
Wisconsin,2020-W24,45276
Wisconsin,2020-W25,166974
Wisconsin,2020-W26,184165
Wisconsin,2020-W27,56717
Wisconsin,2020-W29,277509
Wisconsin,2020-W30,321513
Wisconsin,2020-W31,255693
Wisconsin,2020-W33,258230
Wisconsin,2020-W34,477648
Wisconsin,2020-W35,511862
Wisconsin,2020-W36,75603
Wisconsin,2020-W37,89185
Wisconsin,2020-W38,666786
Wisconsin,2020-W39,761259
Wisconsin,2020-W40,359817
Wisconsin,2020-W42,974932
Wisconsin,2020-W43,1373506
Wisconsin,2020-W44,1347550
Wisconsin,2020-W46,971551
Wisconsin,2020-W47,2499142
Wisconsin,2020-W48,2770255
Wisconsin,2020-W49,411730
Wisconsin,2020-W50,468956
Wisconsin,2020-W51,3376997
Wisconsin,2020-W52,3515829
Wisconsin,2020-W53,2059857
Wyoming,2020-W04,0
Wyoming,2020-W05,0
Wyoming,2020-W07,0
Wyoming,2020-W08,0
Wyoming,2020-W09,0
Wyoming,2020-W11,5
Wyoming,2020-W12,117
Wyoming,2020-W13,390
Wyoming,2020-W14,203
Wyoming,2020-W16,2067
Wyoming,2020-W17,3126
Wyoming,2020-W18,2160
Wyoming,2020-W20,3600
Wyoming,2020-W21,5584
Wyoming,2020-W22,6121
Wyoming,2020-W24,2110
Wyoming,2020-W25,7975
Wyoming,2020-W26,9269
Wyoming,2020-W27,2937
Wyoming,2020-W29,14167
Wyoming,2020-W30,16386
Wyoming,2020-W31,13149
Wyoming,2020-W33,12815
Wyoming,2020-W34,24224
Wyoming,2020-W35,26075
Wyoming,2020-W36,3850
Wyoming,2020-W37,4346
Wyoming,2020-W38,32452
Wyoming,2020-W39,36952
Wyoming,2020-W40,17523
Wyoming,2020-W42,51022
Wyoming,2020-W43,71195
Wyoming,2020-W44,74262
Wyoming,2020-W46,65716
Wyoming,2020-W47,181798
Wyoming,2020-W48,217102
Wyoming,2020-W49,33305
Wyoming,2020-W50,39360
Wyoming,2020-W51,285251
Wyoming,2020-W52,298835
Wyoming,2020-W53,176169
